{
  "best_model": "Logistic Regression",
  "all_skills": [
    "python",
    "pandas",
    "numpy",
    "matplotlib",
    "seaborn",
    "scikit-learn",
    "tensorflow",
    "pytorch",
    "keras",
    "machine learning",
    "deep learning",
    "nlp",
    "computer vision",
    "sql",
    "statistics",
    "feature engineering",
    "eda",
    "data visualization",
    "langchain",
    "huggingface",
    "rag",
    "llm",
    "prompt engineering",
    "embeddings",
    "faiss",
    "streamlit",
    "flask",
    "fastapi",
    "git",
    "github",
    "jupyter",
    "docker",
    "aws",
    "opencv",
    "linear regression",
    "logistic regression",
    "decision tree",
    "random forest",
    "knn",
    "xgboost"
  ],
  "high_impact": [
    "python",
    "machine learning",
    "scikit-learn",
    "sql",
    "deep learning",
    "tensorflow",
    "pytorch",
    "nlp",
    "langchain",
    "huggingface",
    "rag",
    "statistics",
    "feature engineering"
  ],
  "model_results": {
    "Logistic Regression": {
      "accuracy": 0.7375,
      "precision": 0.7368,
      "recall": 0.7179,
      "f1_score": 0.7273,
      "roc_auc": 0.8374,
      "cv_f1_mean": 0.6882
    },
    "Decision Tree": {
      "accuracy": 0.5875,
      "precision": 0.5714,
      "recall": 0.6154,
      "f1_score": 0.5926,
      "roc_auc": 0.5629,
      "cv_f1_mean": 0.6106
    },
    "KNN": {
      "accuracy": 0.75,
      "precision": 0.8065,
      "recall": 0.641,
      "f1_score": 0.7143,
      "roc_auc": 0.813,
      "cv_f1_mean": 0.6222
    }
  },
  "skill_weights": {
    "tensorflow": 0.9200152897294327,
    "deep learning": 0.8897044134460523,
    "pandas": 0.7584272667918147,
    "scikit-learn": 0.5986695962355996,
    "rag": 0.5873204800550494,
    "feature engineering": 0.5552983592858148,
    "machine learning": 0.5150806194295745,
    "numpy": 0.43317684814293306,
    "python": 0.4230113918941287,
    "linear regression": 0.36463589120811124,
    "statistics": 0.351048800342228,
    "eda": 0.32221188619624436,
    "logistic regression": 0.24943500281340913,
    "huggingface": 0.23039822637247542,
    "flask": 0.20684856814058178,
    "pytorch": 0.1669853591558304,
    "nlp": 0.1611921141900638,
    "sql": 0.1546958441515832,
    "xgboost": 0.123573835944343,
    "data visualization": 0.12068537579383946,
    "langchain": 0.07436392720367327,
    "docker": 0.05840305171619922,
    "matplotlib": 0.0,
    "seaborn": 0.0,
    "keras": 0.0,
    "computer vision": 0.0,
    "llm": 0.0,
    "prompt engineering": 0.0,
    "embeddings": 0.0,
    "faiss": 0.0,
    "fastapi": 0.0,
    "github": 0.0,
    "jupyter": 0.0,
    "aws": 0.0,
    "opencv": 0.0,
    "decision tree": 0.0,
    "knn": 0.0,
    "streamlit": -0.1289020451008024,
    "git": -0.21007649040566076,
    "random forest": -0.483266883129032
  }
}